{
  "half_life_weeks": 3,
  "half_life_weeks_smoothed": 5,
  "profile": [
    1.0,
    0.621038,
    0.645503,
    0.431766,
    0.152305,
    0.545125,
    0.060944,
    0.63663,
    0.413553,
    0.48302,
    0.625707,
    0.095677,
    0.676957,
    0.162587,
    0.513549,
    0.472191,
    0.205891,
    0.776168,
    0.084532,
    0.648131,
    0.28011,
    0.322134,
    0.701756,
    0.029939,
    0.786831,
    0.129118,
    0.524584,
    0.536339,
    0.063922,
    0.843866,
    -0.011005,
    0.731374,
    0.312238,
    0.228185,
    0.807385,
    -0.087143,
    0.895763,
    0.06294,
    0.48395,
    0.645879,
    -0.051751,
    0.984454,
    -0.145882,
    0.776944,
    0.367645,
    0.118649,
    0.951751,
    -0.258245,
    1.036303,
    0.030104,
    0.420157,
    0.768562,
    -0.228865
  ],
  "quarter_absorption": 0.8374,
  "quarter_absorption_smoothed": 0.5956,
  "year_absorption": 1.2289,
  "bootstrap_ci_5": [
    1.0,
    0.250105,
    0.230577,
    0.146782,
    0.158454,
    0.191928,
    0.213877,
    0.253415,
    0.278886,
    0.270558,
    0.269286,
    0.258945,
    0.262125,
    0.27231,
    0.278096,
    0.279055,
    0.28165,
    0.285201,
    0.285389,
    0.281597,
    0.280078,
    0.282848,
    0.282347,
    0.283154,
    0.283187,
    0.283226,
    0.285355,
    0.284378,
    0.282715,
    0.283397,
    0.284726,
    0.284874,
    0.28358,
    0.28381,
    0.284308,
    0.284965,
    0.284494,
    0.283794,
    0.284495,
    0.284265,
    0.285014,
    0.284824,
    0.283705,
    0.284808,
    0.284437,
    0.284417,
    0.283718,
    0.284615,
    0.284256,
    0.284043,
    0.284915,
    0.285025,
    0.28522
  ],
  "bootstrap_ci_95": [
    1.0,
    0.510761,
    0.486427,
    0.402042,
    0.423116,
    0.438376,
    0.458439,
    0.489343,
    0.433608,
    0.434438,
    0.4197,
    0.413324,
    0.413271,
    0.423108,
    0.432161,
    0.40857,
    0.412101,
    0.414993,
    0.418108,
    0.416525,
    0.413569,
    0.417778,
    0.419751,
    0.414732,
    0.416739,
    0.413901,
    0.418238,
    0.416121,
    0.417518,
    0.414249,
    0.41744,
    0.415435,
    0.418484,
    0.415339,
    0.417409,
    0.415918,
    0.417371,
    0.418009,
    0.417864,
    0.417398,
    0.416027,
    0.418235,
    0.418385,
    0.417779,
    0.41656,
    0.417914,
    0.417795,
    0.417115,
    0.415801,
    0.41688,
    0.418518,
    0.417562,
    0.416913
  ],
  "vecm_params": {
    "alpha": [
      0.002713,
      -0.153319,
      -0.003547
    ],
    "beta": [
      1.0,
      -0.108235,
      -0.626819
    ],
    "lag": 8,
    "k_ar_diff": 7,
    "rank": 1,
    "T": 157
  }
}